{"cameraMode":{"drawMode":0,"name":"Shaded","section":"Shading Mode"},"sceneLighting":false,"audioPlay":false,"sceneViewState":{"showFog":true,"showMaterialUpdate":false,"showSkybox":true,"showFlares":true,"showImageEffects":true,"showParticleSystems":true},"in2DMode":false,"pivot":{"x":-2.4334716796875,"y":3.6797313690185549,"z":2.572469711303711},"rotation":{"x":0.24683792889118195,"y":0.33459827303886416,"z":-0.09128329157829285,"w":0.9048802852630615},"size":29.760055541992189,"orthographic":false}