{"cameraMode":{"drawMode":0,"name":"Shaded","section":"Shading Mode"},"sceneLighting":false,"audioPlay":false,"sceneViewState":{"showFog":true,"showMaterialUpdate":false,"showSkybox":false,"showFlares":true,"showImageEffects":true,"showParticleSystems":true},"in2DMode":false,"pivot":{"x":-0.3605461120605469,"y":6.273065090179443,"z":-0.876490592956543},"rotation":{"x":0.2195582389831543,"y":0.3291345536708832,"z":-0.0789775550365448,"w":0.915008008480072},"size":36.055416107177737,"orthographic":false}