{"cameraMode":{"drawMode":0,"name":"Shaded","section":"Shading Mode"},"sceneLighting":false,"audioPlay":false,"sceneViewState":{"showFog":true,"showMaterialUpdate":false,"showSkybox":false,"showFlares":true,"showImageEffects":true,"showParticleSystems":true},"in2DMode":false,"pivot":{"x":-0.847191333770752,"y":-2.644843101501465,"z":0.1037743091583252},"rotation":{"x":0.16852694749832154,"y":-0.6258705854415894,"z":0.14094175398349763,"w":0.7483585476875305},"size":19.696823120117189,"orthographic":true}